awj_teacher_id,teacher_score_max,teacher_score_min,teacher_qc_count,teacher_score_std
0,4.44,4.0,16,0.09736
1,4.56,4.0,28,0.13459
2,4.11,3.67,14,0.12658
3,4.11,3.44,20,0.14162
4,3.78,3.67,5,0.04919
5,4.22,3.67,13,0.14998
6,3.78,3.56,11,0.07563
8,3.78,3.78,2,0.0
9,4.0,3.44,5,0.21524
