awj_teacher_id,stu_comment_log_good_behavior,stu_comment_log_bad_behavior
0,211.55196,0.0
1,175.75525,5.60502
2,49.18857,1.4847
3,100.15348,6.07317
4,7.68415,0.0
5,92.39242,2.87001
6,12.37023,0.0
8,1.03345,0.0
9,1.80638,0.0
